{
    "name": "4e6d9b04-3131-4f72-a544-dc2cab7317b8",
    "id": "/providers/Microsoft.Flow/flows/4e6d9b04-3131-4f72-a544-dc2cab7317b8",
    "type": "Microsoft.Flow/flows",
    "properties": {
        "apiId": "/providers/Microsoft.PowerApps/apis/shared_logicflows",
        "displayName": "AssociateDisassociateRequest",
        "definition": {
            "metadata": {
                "workflowEntityId": null,
                "creator": {
                    "id": "6b4f3084-76f6-4084-96ea-3170af3f0f82",
                    "type": "User",
                    "tenantId": "467e309d-1e91-4fdf-b19e-aa6b512ef843"
                },
                "provisioningMethod": "FromDefinition",
                "failureAlertSubscription": true,
                "clientLastModifiedTime": "2018-11-22T06:20:56.2156311Z"
            },
            "$schema": "https://schema.management.azure.com/providers/Microsoft.Logic/schemas/2016-06-01/workflowdefinition.json#",
            "contentVersion": "1.0.0.0",
            "parameters": {
                "$authentication": {
                    "defaultValue": {},
                    "type": "SecureObject"
                }
            },
            "triggers": {
                "manual": {
                    "type": "Request",
                    "kind": "PowerApp",
                    "inputs": {
                        "schema": {
                            "type": "object",
                            "required": [
                                "Initializevariable_Value",
                                "apiKey_Value",
                                "crmOrg_Value",
                                "action_Value",
                                "parentType_Value",
                                "childType_Value",
                                "childId_Value",
                                "relationship_Value"
                            ],
                            "properties": {
                                "Initializevariable_Value": {
                                    "type": "string"
                                },
                                "apiKey_Value": {
                                    "type": "string",
                                    "description": "Enter initial value",
                                    "x-ms-powerflows-param-ispartial": false
                                },
                                "crmOrg_Value": {
                                    "type": "string",
                                    "description": "Enter initial value",
                                    "x-ms-powerflows-param-ispartial": false
                                },
                                "action_Value": {
                                    "type": "string",
                                    "description": "Enter initial value",
                                    "x-ms-powerflows-param-ispartial": false
                                },
                                "parentType_Value": {
                                    "type": "string",
                                    "description": "Enter initial value",
                                    "x-ms-powerflows-param-ispartial": false
                                },
                                "childType_Value": {
                                    "type": "string",
                                    "description": "Enter initial value",
                                    "x-ms-powerflows-param-ispartial": false
                                },
                                "childId_Value": {
                                    "type": "string",
                                    "description": "Enter initial value",
                                    "x-ms-powerflows-param-ispartial": false
                                },
                                "relationship_Value": {
                                    "type": "string",
                                    "description": "Enter initial value",
                                    "x-ms-powerflows-param-ispartial": false
                                }
                            }
                        }
                    }
                }
            },
            "actions": {
                "HTTP": {
                    "runAfter": {
                        "relationship": [
                            "Succeeded"
                        ]
                    },
                    "type": "Http",
                    "inputs": {
                        "method": "POST",
                        "uri": "https://yoururlhere",
                        "queries": {
                            "apiKey": "@variables('apiKey')",
                            "crmOrg": "@variables('crmOrg')",
                            "action": "@variables('action')",
                            "parentType": "@variables('parentType')",
                            "parentId": "@variables('parentId')",
                            "childType": "@variables('childType')",
                            "childId": "@variables('childId')",
                            "relationship": "@variables('relationship')"
                        },
                        "retryPolicy": {
                            "type": "none"
                        }
                    }
                },
                "apiKey": {
                    "runAfter": {},
                    "type": "InitializeVariable",
                    "inputs": {
                        "variables": [{
                            "name": "apiKey",
                            "type": "String",
                            "value": "@triggerBody()['apiKey_Value']"
                        }]
                    }
                },
                "crmOrg": {
                    "runAfter": {
                        "apiKey": [
                            "Succeeded"
                        ]
                    },
                    "type": "InitializeVariable",
                    "inputs": {
                        "variables": [{
                            "name": "crmOrg",
                            "type": "String",
                            "value": "@triggerBody()['crmOrg_Value']"
                        }]
                    }
                },
                "action": {
                    "runAfter": {
                        "crmOrg": [
                            "Succeeded"
                        ]
                    },
                    "type": "InitializeVariable",
                    "inputs": {
                        "variables": [{
                            "name": "action",
                            "type": "String",
                            "value": "@triggerBody()['action_Value']"
                        }]
                    }
                },
                "parentType": {
                    "runAfter": {
                        "action": [
                            "Succeeded"
                        ]
                    },
                    "type": "InitializeVariable",
                    "inputs": {
                        "variables": [{
                            "name": "parentType",
                            "type": "String",
                            "value": "@triggerBody()['parentType_Value']"
                        }]
                    }
                },
                "parentId": {
                    "runAfter": {
                        "parentType": [
                            "Succeeded"
                        ]
                    },
                    "type": "InitializeVariable",
                    "inputs": {
                        "variables": [{
                            "name": "parentId",
                            "type": "String",
                            "value": "@triggerBody()['Initializevariable_Value']"
                        }]
                    }
                },
                "childType": {
                    "runAfter": {
                        "parentId": [
                            "Succeeded"
                        ]
                    },
                    "type": "InitializeVariable",
                    "inputs": {
                        "variables": [{
                            "name": "childType",
                            "type": "String",
                            "value": "@triggerBody()['childType_Value']"
                        }]
                    }
                },
                "childId": {
                    "runAfter": {
                        "childType": [
                            "Succeeded"
                        ]
                    },
                    "type": "InitializeVariable",
                    "inputs": {
                        "variables": [{
                            "name": "childId",
                            "type": "String",
                            "value": "@triggerBody()['childId_Value']"
                        }]
                    }
                },
                "relationship": {
                    "runAfter": {
                        "childId": [
                            "Succeeded"
                        ]
                    },
                    "type": "InitializeVariable",
                    "inputs": {
                        "variables": [{
                            "name": "relationship",
                            "type": "String",
                            "value": "@triggerBody()['relationship_Value']"
                        }]
                    }
                },
                "Respond_to_PowerApps": {
                    "runAfter": {
                        "HTTP": [
                            "Succeeded"
                        ]
                    },
                    "type": "Response",
                    "kind": "PowerApp",
                    "inputs": {
                        "statusCode": 200,
                        "body": {
                            "ok": "OK"
                        },
                        "schema": {
                            "type": "object",
                            "properties": {
                                "ok": {
                                    "title": "OK",
                                    "type": "string",
                                    "x-ms-dynamically-added": true
                                }
                            }
                        }
                    }
                }
            },
            "outputs": {}
        },
        "connectionReferences": {},
        "flowFailureAlertSubscribed": false
    }
}